frame_num,player_1_pos,player_2_pos,ball_pos
0,"(np.float32(1676.0527), np.float32(537.4403))","(np.float32(1778.5995), np.float32(71.050865))","(np.float32(1761.7775), np.float32(432.77383))"
1,"(np.float32(1676.6228), np.float32(537.4745))","(np.float32(1779.8021), np.float32(70.86215))","(np.float32(1761.7775), np.float32(432.77383))"
2,"(np.float32(1677.4453), np.float32(537.28046))","(np.float32(1779.2008), np.float32(70.96431))","(np.float32(1757.4999), np.float32(423.39502))"
3,"(np.float32(1678.8634), np.float32(537.1119))","(np.float32(1779.2008), np.float32(71.053185))","(np.float32(1759.6805), np.float32(421.7049))"
4,"(np.float32(1680.2574), np.float32(536.9864))","(np.float32(1777.0715), np.float32(71.29555))","(np.float32(1761.722), np.float32(420.1499))"
5,"(np.float32(1681.9777), np.float32(536.9086))","(np.float32(1777.9579), np.float32(71.34333))","(np.float32(1763.9825), np.float32(422.11652))"
6,"(np.float32(1684.7838), np.float32(536.8352))","(np.float32(1777.855), np.float32(71.52317))","(np.float32(1766.0457), np.float32(424.23364))"
7,"(np.float32(1686.7878), np.float32(536.7321))","(np.float32(1777.4325), np.float32(71.6488))","(np.float32(1767.2955), np.float32(425.8524))"
8,"(np.float32(1690.2102), np.float32(536.7097))","(np.float32(1776.6885), np.float32(71.1753))","(np.float32(1769.9031), np.float32(429.60083))"
9,"(np.float32(1692.492), np.float32(536.649))","(np.float32(1776.1431), np.float32(71.0598))","(np.float32(1772.1848), np.float32(432.86032))"
10,"(np.float32(1693.7958), np.float32(536.6259))","(np.float32(1775.8778), np.float32(71.9157))","(np.float32(1711.2341), np.float32(539.1547))"
11,"(np.float32(1694.2847), np.float32(536.5779))","(np.float32(1775.8401), np.float32(72.33349))","(np.float32(1773.1626), np.float32(429.43784))"
12,"(np.float32(1695.0995), np.float32(536.3901))","(np.float32(1774.7695), np.float32(72.567665))","(np.float32(1771.6958), np.float32(423.7337))"
13,"(np.float32(1696.0774), np.float32(535.9429))","(np.float32(1772.5056), np.float32(72.42812))","(np.float32(1770.2291), np.float32(421.8428))"
14,"(np.float32(1698.0331), np.float32(535.4383))","(np.float32(1770.4683), np.float32(72.34479))","(np.float32(1769.0883), np.float32(428.36182))"
15,"(np.float32(1700.3147), np.float32(533.76495))","(np.float32(1769.3475), np.float32(72.34152))","(np.float32(1767.1326), np.float32(434.71786))"
16,"(np.float32(1701.6185), np.float32(533.09656))","(np.float32(1769.3475), np.float32(72.23119))","(np.float32(1766.4806), np.float32(437.48846))"
17,"(np.float32(1703.7372), np.float32(532.8445))","(np.float32(1769.621), np.float32(71.5155))","(np.float32(1765.2784), np.float32(197.44043))"
18,"(np.float32(1706.3448), np.float32(533.3714))","(np.float32(1769.621), np.float32(70.67007))","(np.float32(1764.3005), np.float32(194.18092))"
19,"(np.float32(1708.1376), np.float32(533.40155))","(np.float32(1769.621), np.float32(70.10285))","(np.float32(1775.7449), np.float32(201.50702))"
20,"(np.float32(1710.0933), np.float32(533.72687))","(np.float32(1769.8945), np.float32(70.756325))","(np.float32(1774.104), np.float32(196.03767))"
21,"(np.float32(1711.886), np.float32(533.9406))","(np.float32(1770.168), np.float32(70.79759))","(np.float32(1772.1898), np.float32(190.56834))"
22,"(np.float32(1712.8639), np.float32(534.093))","(np.float32(1770.168), np.float32(70.72257))","(np.float32(1770.549), np.float32(184.82553))"
23,"(np.float32(1714.4937), np.float32(533.94775))","(np.float32(1769.8945), np.float32(70.82235))","(np.float32(1768.9082), np.float32(179.35619))"
24,"(np.float32(1716.4493), np.float32(534.01624))","(np.float32(1769.3475), np.float32(70.89136))","(np.float32(1768.0878), np.float32(176.34805))"
25,"(np.float32(1717.9161), np.float32(533.9995))","(np.float32(1768.8005), np.float32(71.19629))","(np.float32(1767.2673), np.float32(176.74213))"
26,"(np.float32(1719.8718), np.float32(534.178))","(np.float32(1767.1598), np.float32(71.36097))","(np.float32(1766.1735), np.float32(179.75026))"
27,"(np.float32(1721.8275), np.float32(534.58215))","(np.float32(1764.972), np.float32(71.05887))","(np.float32(1764.8062), np.float32(182.7584))"
28,"(np.float32(1723.1313), np.float32(534.84827))","(np.float32(1763.8782), np.float32(70.010185))","(np.float32(1719.0295), np.float32(80.661316))"
29,"(np.float32(1724.435), np.float32(535.1894))","(np.float32(1763.0579), np.float32(70.11991))","(np.float32(1720.397), np.float32(77.653175))"
30,"(np.float32(1725.087), np.float32(535.71747))","(np.float32(1761.9639), np.float32(70.33643))","(np.float32(1721.7643), np.float32(75.73891))"
31,"(np.float32(1725.413), np.float32(535.97986))","(np.float32(1761.417), np.float32(70.56684))","(np.float32(1722.0377), np.float32(74.9185))"
32,"(np.float32(1725.9019), np.float32(536.0331))","(np.float32(1760.8701), np.float32(70.63228))","(np.float32(1722.8582), np.float32(74.37157))"
33,"(np.float32(1726.4172), np.float32(535.8303))","(np.float32(1760.3231), np.float32(70.55751))","(np.float32(1723.6785), np.float32(73.55117))"
34,"(np.float32(1727.2294), np.float32(535.65924))","(np.float32(1759.7762), np.float32(70.29275))","(np.float32(1724.4989), np.float32(73.004234))"
35,"(np.float32(1728.4481), np.float32(535.6381))","(np.float32(1758.9558), np.float32(70.25203))","(np.float32(1725.3193), np.float32(72.18383))"
36,"(np.float32(1730.1998), np.float32(535.9628))","(np.float32(1758.4088), np.float32(70.034615))","(np.float32(1726.1398), np.float32(71.36343))"
37,"(np.float32(1731.3132), np.float32(536.3386))","(np.float32(1757.8619), np.float32(70.17637))","(np.float32(1726.9601), np.float32(70.8165))"
38,"(np.float32(1731.8303), np.float32(536.74097))","(np.float32(1757.5885), np.float32(70.60849))","(np.float32(1727.7805), np.float32(70.00391))"
39,"(np.float32(1732.3864), np.float32(537.3528))","(np.float32(1757.8619), np.float32(71.41076))","(np.float32(1728.3275), np.float32(70.82431))"
40,"(np.float32(1732.073), np.float32(537.7047))","(np.float32(1757.5885), np.float32(72.1521))","(np.float32(1728.601), np.float32(70.82431))"
41,"(np.float32(1731.1046), np.float32(537.927))","(np.float32(1757.0415), np.float32(72.7037))","(np.float32(1729.4214), np.float32(70.277374))"
42,"(np.float32(1730.6677), np.float32(537.972))","(np.float32(1756.7681), np.float32(73.06881))","(np.float32(1730.2417), np.float32(70.00391))"
43,"(np.float32(1730.5842), np.float32(537.7766))","(np.float32(1756.7681), np.float32(73.8792))","(np.float32(1731.0621), np.float32(70.54303))"
44,"(np.float32(1730.8944), np.float32(537.7612))","(np.float32(1756.7681), np.float32(73.96697))","(np.float32(1731.8826), np.float32(70.8165))"
45,"(np.float32(1731.6698), np.float32(538.0231))","(np.float32(1756.7681), np.float32(73.91609))","(np.float32(1732.9764), np.float32(71.36343))"
46,"(np.float32(1732.2902), np.float32(538.3523))","(np.float32(1756.4946), np.float32(73.96882))","(np.float32(1733.2499), np.float32(71.91036))"
47,"(np.float32(1733.0656), np.float32(538.9268))","(np.float32(1755.6742), np.float32(74.13196))","(np.float32(1733.5233), np.float32(70.55084))"
48,"(np.float32(1733.6859), np.float32(539.5806))","(np.float32(1755.1272), np.float32(74.18366))","(np.float32(1734.0703), np.float32(72.73858))"
49,"(np.float32(1733.9961), np.float32(540.1378))","(np.float32(1754.8538), np.float32(74.06027))","(np.float32(1734.3438), np.float32(75.19978))"
50,"(np.float32(1734.3063), np.float32(540.8282))","(np.float32(1754.8538), np.float32(73.80556))","(np.float32(1734.6172), np.float32(77.38752))"
51,"(np.float32(1734.3063), np.float32(541.3237))","(np.float32(1755.4008), np.float32(73.75158))","(np.float32(1735.1642), np.float32(81.489525))"
52,"(np.float32(1734.3063), np.float32(541.5437))","(np.float32(1756.7681), np.float32(73.91637))","(np.float32(1735.1642), np.float32(82.856865))"
53,"(np.float32(1734.3063), np.float32(541.5508))","(np.float32(1758.1354), np.float32(73.72176))","(np.float32(1735.1642), np.float32(85.0446))"
54,"(np.float32(1734.3063), np.float32(541.48114))","(np.float32(1757.5885), np.float32(74.64272))","(np.float32(1735.1642), np.float32(87.505806))"
55,"(np.float32(1734.4614), np.float32(541.5542))","(np.float32(1756.4946), np.float32(75.42382))","(np.float32(1735.1642), np.float32(89.69354))"
56,"(np.float32(1734.3063), np.float32(541.81384))","(np.float32(1755.6742), np.float32(76.12045))","(np.float32(1735.1642), np.float32(90.51395))"
57,"(np.float32(1733.6859), np.float32(542.0576))","(np.float32(1757.5885), np.float32(76.38138))","(np.float32(1732.7029), np.float32(89.14661))"
58,"(np.float32(1733.3757), np.float32(542.14844))","(np.float32(1758.4088), np.float32(76.466835))","(np.float32(1730.2417), np.float32(87.77927))"
59,"(np.float32(1732.9105), np.float32(542.62494))","(np.float32(1758.6824), np.float32(76.443954))","(np.float32(1727.7805), np.float32(86.411934))"
60,"(np.float32(1732.6003), np.float32(543.23834))","(np.float32(1758.9558), np.float32(76.50967))","(np.float32(1725.3193), np.float32(85.0446))"
61,"(np.float32(1732.4452), np.float32(543.6477))","(np.float32(1758.9558), np.float32(76.54449))","(np.float32(1722.8582), np.float32(83.95073))"
62,"(np.float32(1732.4452), np.float32(544.4189))","(np.float32(1759.2292), np.float32(76.53267))","(np.float32(1720.397), np.float32(81.21606))"
63,"(np.float32(1732.4452), np.float32(544.982))","(np.float32(1759.5027), np.float32(76.45398))","(np.float32(1718.2092), np.float32(78.481384))"
64,"(np.float32(1732.4452), np.float32(545.1319))","(np.float32(1759.5027), np.float32(76.37054))","(np.float32(1715.748), np.float32(75.47325))"
65,"(np.float32(1732.2902), np.float32(545.1992))","(np.float32(1759.5027), np.float32(76.54061))","(np.float32(1712.7399), np.float32(70.55084))"
66,"(np.float32(1731.825), np.float32(545.1142))","(np.float32(1759.5027), np.float32(76.951584))","(np.float32(1709.7317), np.float32(74.37157))"
67,"(np.float32(1731.6698), np.float32(544.9987))","(np.float32(1759.5027), np.float32(77.36001))","(np.float32(1708.6378), np.float32(76.83277))"
68,"(np.float32(1731.3596), np.float32(544.8568))","(np.float32(1759.5027), np.float32(77.42009))","(np.float32(1777.1122), np.float32(183.85226))"
69,"(np.float32(1730.7393), np.float32(544.73425))","(np.float32(1759.5027), np.float32(77.4192))","(np.float32(1780.1204), np.float32(177.836))"
70,"(np.float32(1729.6537), np.float32(544.69214))","(np.float32(1759.5027), np.float32(77.57386))","(np.float32(1782.5815), np.float32(178.53578))"
71,"(np.float32(1727.3274), np.float32(544.6491))","(np.float32(1759.5027), np.float32(77.5193))","(np.float32(1785.3162), np.float32(184.82553))"
72,"(np.float32(1724.2256), np.float32(544.6114))","(np.float32(1759.5027), np.float32(77.55208))","(np.float32(1787.7773), np.float32(191.11526))"
73,"(np.float32(1721.8993), np.float32(544.5834))","(np.float32(1759.5027), np.float32(77.519226))","(np.float32(1790.2386), np.float32(197.67848))"
74,"(np.float32(1718.1772), np.float32(544.56036))","(np.float32(1759.5027), np.float32(77.65465))","(np.float32(1792.6998), np.float32(203.96823))"
75,"(np.float32(1715.2306), np.float32(544.46893))","(np.float32(1759.2292), np.float32(77.74405))","(np.float32(1773.6606), np.float32(440.98135))"
76,"(np.float32(1713.6797), np.float32(544.3098))","(np.float32(1759.2292), np.float32(77.76396))","(np.float32(1774.1259), np.float32(438.34488))"
77,"(np.float32(1711.8186), np.float32(544.32404))","(np.float32(1758.1354), np.float32(77.71859))","(np.float32(1776.2971), np.float32(432.1414))"
78,"(np.float32(1710.2677), np.float32(544.8354))","(np.float32(1756.7681), np.float32(77.65388))","(np.float32(1777.6929), np.float32(426.093))"
79,"(np.float32(1709.3373), np.float32(545.05524))","(np.float32(1755.4008), np.float32(77.540665))","(np.float32(1779.0886), np.float32(422.83615))"
80,"(np.float32(1708.2516), np.float32(545.1867))","(np.float32(1754.3069), np.float32(77.34099))","(np.float32(1780.6395), np.float32(423.86008))"
81,"(np.float32(1707.0109), np.float32(545.39685))","(np.float32(1752.9395), np.float32(77.1321))","(np.float32(1781.7251), np.float32(424.6355))"
82,"(np.float32(1706.2355), np.float32(545.5062))","(np.float32(1751.8457), np.float32(77.06375))","(np.float32(1782.9658), np.float32(425.56604))"
83,"(np.float32(1705.3049), np.float32(545.4999))","(np.float32(1750.4783), np.float32(76.90995))","(np.float32(1784.0515), np.float32(426.34146))"
84,"(np.float32(1704.3744), np.float32(545.54517))","(np.float32(1749.111), np.float32(76.70714))","(np.float32(1785.1371), np.float32(427.272))"
85,"(np.float32(1703.599), np.float32(545.5241))","(np.float32(1748.4437), np.float32(76.6246))","(np.float32(1786.3778), np.float32(428.04742))"
86,"(np.float32(1702.6685), np.float32(545.4925))","(np.float32(1749.9866), np.float32(76.64897))","(np.float32(1787.4634), np.float32(428.97797))"
87,"(np.float32(1700.9625), np.float32(545.5172))","(np.float32(1753.218), np.float32(76.56838))","(np.float32(1788.549), np.float32(429.7534))"
88,"(np.float32(1699.7218), np.float32(545.5149))","(np.float32(1755.6171), np.float32(76.69239))","(np.float32(1789.7897), np.float32(430.68393))"
89,"(np.float32(1699.1014), np.float32(545.5314))","(np.float32(1755.6171), np.float32(76.64904))","(np.float32(1790.8752), np.float32(431.45935))"
90,"(np.float32(1698.6362), np.float32(545.4917))","(np.float32(1755.6171), np.float32(76.65934))","(np.float32(1791.9609), np.float32(433.01022))"
91,"(np.float32(1698.4811), np.float32(545.4145))","(np.float32(1755.6171), np.float32(76.655334))","(np.float32(1687.625), np.float32(539.39246))"
92,"(np.float32(1697.7057), np.float32(545.05145))","(np.float32(1755.9128), np.float32(76.54944))","(np.float32(1686.5394), np.float32(537.99664))"
93,"(np.float32(1696.7751), np.float32(544.34106))","(np.float32(1756.2085), np.float32(76.872604))","(np.float32(1685.2987), np.float32(535.67035))"
94,"(np.float32(1696.1548), np.float32(543.7448))","(np.float32(1756.2085), np.float32(77.05469))","(np.float32(1684.8334), np.float32(534.4296))"
95,"(np.float32(1696.1548), np.float32(542.9977))","(np.float32(1756.5042), np.float32(77.40797))","(np.float32(1795.528), np.float32(433.63058))"
96,"(np.float32(1696.9303), np.float32(542.09125))","(np.float32(1757.0956), np.float32(77.623634))","(np.float32(1795.0626), np.float32(427.89233))"
97,"(np.float32(1697.3955), np.float32(541.3743))","(np.float32(1757.687), np.float32(78.150894))","(np.float32(1794.2872), np.float32(423.86008))"
98,"(np.float32(1697.0853), np.float32(540.3091))","(np.float32(1757.9828), np.float32(78.43047))","(np.float32(1793.3567), np.float32(423.61157))"
99,"(np.float32(1696.9303), np.float32(539.4212))","(np.float32(1758.2784), np.float32(78.86119))","(np.float32(1792.4261), np.float32(431.21088))"
100,"(np.float32(1696.7751), np.float32(539.07446))","(np.float32(1758.5741), np.float32(79.03907))","(np.float32(1792.116), np.float32(434.46768))"
101,"(np.float32(1696.6201), np.float32(539.16394))","(np.float32(1758.8699), np.float32(79.111374))","(np.float32(1791.4956), np.float32(437.8796))"
102,"(np.float32(1696.3099), np.float32(539.6755))","(np.float32(1759.6733), np.float32(79.19673))","(np.float32(1790.9719), np.float32(196.34969))"
103,"(np.float32(1696.1548), np.float32(539.8957))","(np.float32(1760.4777), np.float32(79.29721))","(np.float32(1790.5067), np.float32(192.93776))"
104,"(np.float32(1694.9141), np.float32(539.9121))","(np.float32(1761.7083), np.float32(79.43854))","(np.float32(1790.0414), np.float32(189.37074))"
105,"(np.float32(1693.2081), np.float32(539.6619))","(np.float32(1761.5834), np.float32(79.43551))","(np.float32(1789.5762), np.float32(185.95883))"
106,"(np.float32(1691.9674), np.float32(539.6033))","(np.float32(1764.0077), np.float32(79.72515))","(np.float32(1832.7407), np.float32(189.79771))"
107,"(np.float32(1690.5717), np.float32(539.31024))","(np.float32(1762.1567), np.float32(79.93903))","(np.float32(1831.5068), np.float32(182.70259))"
108,"(np.float32(1689.7963), np.float32(539.3003))","(np.float32(1759.0719), np.float32(80.091125))","(np.float32(1831.5068), np.float32(178.6923))"
109,"(np.float32(1689.1759), np.float32(539.3184))","(np.float32(1755.987), np.float32(80.13744))","(np.float32(1830.8899), np.float32(175.91595))"
110,"(np.float32(1688.7106), np.float32(539.4249))","(np.float32(1752.9022), np.float32(80.138824))","(np.float32(1830.273), np.float32(176.97745))"
111,"(np.float32(1688.7106), np.float32(539.63446))","(np.float32(1750.1259), np.float32(80.04827))","(np.float32(1829.9645), np.float32(179.13684))"
112,"(np.float32(1689.0208), np.float32(539.72375))","(np.float32(1748.892), np.float32(80.06367))","(np.float32(1829.6559), np.float32(181.29622))"
113,"(np.float32(1689.8557), np.float32(539.63226))","(np.float32(1746.7325), np.float32(80.184715))","(np.float32(1829.3474), np.float32(183.76408))"
114,"(np.float32(1690.8538), np.float32(539.42554))","(np.float32(1743.9562), np.float32(79.17109))","(np.float32(1829.039), np.float32(184.99803))"
115,"(np.float32(1692.0183), np.float32(539.33344))","(np.float32(1739.8264), np.float32(78.70637))","(np.float32(1827.4122), np.float32(185.40767))"
116,"(np.float32(1693.1215), np.float32(538.9941))","(np.float32(1734.458), np.float32(78.660126))","(np.float32(1826.1364), np.float32(185.58208))"
117,"(np.float32(1694.8549), np.float32(538.9408))","(np.float32(1729.9785), np.float32(78.4838))","(np.float32(1826.1696), np.float32(185.84518))"
118,"(np.float32(1697.6536), np.float32(539.2867))","(np.float32(1727.3435), np.float32(78.46361))","(np.float32(1665.2505), np.float32(79.20573))"
119,"(np.float32(1700.2368), np.float32(539.5595))","(np.float32(1724.3813), np.float32(78.68452))","(np.float32(1665.1646), np.float32(75.32528))"
120,"(np.float32(1702.3358), np.float32(539.75366))","(np.float32(1721.4204), np.float32(78.78196))","(np.float32(1665.1646), np.float32(70.884026))"
121,"(np.float32(1703.466), np.float32(539.9217))","(np.float32(1719.6439), np.float32(79.7894))","(np.float32(1665.1646), np.float32(73.85332))"
122,"(np.float32(1704.5962), np.float32(540.2229))","(np.float32(1716.3871), np.float32(80.418976))","(np.float32(1665.4606), np.float32(78.59066))"
123,"(np.float32(1706.3722), np.float32(540.686))","(np.float32(1711.9458), np.float32(80.43361))","(np.float32(1665.4606), np.float32(83.328))"
124,"(np.float32(1707.5024), np.float32(540.859))","(np.float32(1708.985), np.float32(80.70451))","(np.float32(1665.7567), np.float32(85.40059))"
125,"(np.float32(1709.521), np.float32(540.8885))","(np.float32(1707.2085), np.float32(80.802475))","(np.float32(1665.7567), np.float32(88.65752))"
126,"(np.float32(1710.3494), np.float32(540.48456))","(np.float32(1704.2476), np.float32(80.71631))","(np.float32(1665.7567), np.float32(91.914444))"
127,"(np.float32(1710.9169), np.float32(540.1786))","(np.float32(1700.6946), np.float32(80.96188))","(np.float32(1665.4606), np.float32(93.09878))"
128,"(np.float32(1711.9061), np.float32(539.53107))","(np.float32(1696.2533), np.float32(81.17816))","(np.float32(1668.1254), np.float32(93.09878))"
129,"(np.float32(1714.2146), np.float32(538.7346))","(np.float32(1692.7003), np.float32(81.56216))","(np.float32(1670.7902), np.float32(92.80269))"
130,"(np.float32(1715.8635), np.float32(538.25665))","(np.float32(1690.0355), np.float32(81.886154))","(np.float32(1673.1588), np.float32(92.80269))"
131,"(np.float32(1718.172), np.float32(537.7281))","(np.float32(1685.0022), np.float32(81.615364))","(np.float32(1675.8235), np.float32(92.80269))"
132,"(np.float32(1720.1506), np.float32(536.9793))","(np.float32(1682.0413), np.float32(81.59879))","(np.float32(1678.1923), np.float32(92.50661))"
133,"(np.float32(1721.7996), np.float32(536.52496))","(np.float32(1679.6726), np.float32(81.566376))","(np.float32(1680.8569), np.float32(92.50661))"
134,"(np.float32(1724.273), np.float32(536.09235))","(np.float32(1676.8502), np.float32(81.66761))","(np.float32(1683.0415), np.float32(92.410736))"
135,"(np.float32(1726.4165), np.float32(535.9865))","(np.float32(1673.6072), np.float32(81.59596))","(np.float32(1685.695), np.float32(92.11591))"
136,"(np.float32(1727.9005), np.float32(536.0426))","(np.float32(1671.8383), np.float32(81.97477))","(np.float32(1686.8741), np.float32(91.82109))"
137,"(np.float32(1729.2196), np.float32(536.0418))","(np.float32(1667.1211), np.float32(81.95062))","(np.float32(1691.0017), np.float32(90.34697))"
138,"(np.float32(1730.0441), np.float32(535.9286))","(np.float32(1663.5833), np.float32(82.03651))","(np.float32(1694.2448), np.float32(88.87286))"
139,"(np.float32(1730.3739), np.float32(535.5303))","(np.float32(1661.5194), np.float32(82.27426))","(np.float32(1697.193), np.float32(87.39874))"
140,"(np.float32(1730.8685), np.float32(534.92114))","(np.float32(1658.8661), np.float32(82.49591))","(np.float32(1700.436), np.float32(85.629814))"
141,"(np.float32(1732.3525), np.float32(534.3935))","(np.float32(1656.2126), np.float32(82.708565))","(np.float32(1704.8584), np.float32(83.86088))"
142,"(np.float32(1733.5068), np.float32(534.0445))","(np.float32(1654.7385), np.float32(82.98293))","(np.float32(1706.0377), np.float32(82.68159))"
143,"(np.float32(1735.6504), np.float32(533.68494))","(np.float32(1653.2644), np.float32(83.116684))","(np.float32(1710.1652), np.float32(79.73336))"
144,"(np.float32(1738.7832), np.float32(533.56287))","(np.float32(1652.0851), np.float32(83.1519))","(np.float32(1713.9979), np.float32(76.78513))"
145,"(np.float32(1740.762), np.float32(533.3575))","(np.float32(1651.2007), np.float32(83.17922))","(np.float32(1715.1771), np.float32(75.900665))"
146,"(np.float32(1743.3503), np.float32(532.95734))","(np.float32(1650.611), np.float32(83.26682))","(np.float32(1719.0099), np.float32(72.657616))"
147,"(np.float32(1745.4989), np.float32(532.4122))","(np.float32(1650.611), np.float32(83.29993))","(np.float32(1722.5477), np.float32(70.585434))"
148,"(np.float32(1746.903), np.float32(531.89307))","(np.float32(1650.611), np.float32(83.31156))","(np.float32(1726.0856), np.float32(73.82848))"
149,"(np.float32(1748.6035), np.float32(531.30304))","(np.float32(1651.2007), np.float32(83.32497))","(np.float32(1729.9183), np.float32(77.07153))"
150,"(np.float32(1751.3282), np.float32(531.11035))","(np.float32(1652.0851), np.float32(83.35333))","(np.float32(1755.7393), np.float32(186.61479))"
151,"(np.float32(1753.6599), np.float32(531.1465))","(np.float32(1652.9696), np.float32(83.370026))","(np.float32(1753.9703), np.float32(184.55103))"
152,"(np.float32(1757.8967), np.float32(531.06055))","(np.float32(1653.854), np.float32(83.64682))","(np.float32(1749.8428), np.float32(179.53905))"
153,"(np.float32(1762.0425), np.float32(531.1381))","(np.float32(1655.0333), np.float32(83.9674))","(np.float32(1746.0101), np.float32(175.2815))"
154,"(np.float32(1764.3848), np.float32(531.29535))","(np.float32(1656.2126), np.float32(84.026085))","(np.float32(1747.8226), np.float32(180.29349))"
155,"(np.float32(1765.9658), np.float32(531.2863))","(np.float32(1657.392), np.float32(84.21033))","(np.float32(1748.9655), np.float32(181.10161))"
156,"(np.float32(1767.8981), np.float32(531.31836))","(np.float32(1658.8661), np.float32(84.305244))","(np.float32(1751.4247), np.float32(184.26355))"
157,"(np.float32(1769.1277), np.float32(531.26935))","(np.float32(1659.7505), np.float32(84.28382))","(np.float32(1753.7084), np.float32(187.24983))"
158,"(np.float32(1770.5331), np.float32(531.0578))","(np.float32(1661.2246), np.float32(84.006134))","(np.float32(1755.992), np.float32(190.23611))"
159,"(np.float32(1772.114), np.float32(531.0214))","(np.float32(1663.5833), np.float32(83.87912))","(np.float32(1758.4513), np.float32(193.2224))"
160,"(np.float32(1773.3436), np.float32(530.84686))","(np.float32(1665.0574), np.float32(83.789406))","(np.float32(1760.7349), np.float32(196.20868))"
161,"(np.float32(1774.749), np.float32(530.3957))","(np.float32(1666.2366), np.float32(83.281876))","(np.float32(1763.0186), np.float32(199.19498))"
162,"(np.float32(1776.1543), np.float32(529.572))","(np.float32(1668.0055), np.float32(82.65898))","(np.float32(1765.4116), np.float32(439.73328))"
163,"(np.float32(1777.0326), np.float32(529.14874))","(np.float32(1668.89), np.float32(82.21947))","(np.float32(1767.3439), np.float32(437.274))"
164,"(np.float32(1778.7893), np.float32(529.16876))","(np.float32(1670.9537), np.float32(81.65116))","(np.float32(1769.8032), np.float32(432.88242))"
165,"(np.float32(1780.5459), np.float32(529.0951))","(np.float32(1673.6072), np.float32(81.5311))","(np.float32(1773.1407), np.float32(427.26117))"
166,"(np.float32(1781.5999), np.float32(529.0553))","(np.float32(1675.6709), np.float32(81.44914))","(np.float32(1775.0731), np.float32(425.85587))"
167,"(np.float32(1782.6538), np.float32(529.0659))","(np.float32(1678.914), np.float32(81.378075))","(np.float32(1777.181), np.float32(424.45053))"
168,"(np.float32(1783.5322), np.float32(529.12695))","(np.float32(1680.9778), np.float32(81.55191))","(np.float32(1779.1134), np.float32(423.04523))"
169,"(np.float32(1784.2349), np.float32(529.11835))","(np.float32(1682.157), np.float32(81.41931))","(np.float32(1781.2213), np.float32(421.81558))"
170,"(np.float32(1785.1132), np.float32(529.1051))","(np.float32(1684.8104), np.float32(81.49208))","(np.float32(1783.1537), np.float32(420.41028))"
171,"(np.float32(1787.2211), np.float32(529.1049))","(np.float32(1688.6431), np.float32(81.44781))","(np.float32(1785.2616), np.float32(420.8674))"
172,"(np.float32(1788.4508), np.float32(529.1293))","(np.float32(1691.5913), np.float32(81.066635))","(np.float32(1787.1938), np.float32(422.2727))"
173,"(np.float32(1790.2074), np.float32(529.0877))","(np.float32(1694.5396), np.float32(80.78951))","(np.float32(1789.3019), np.float32(423.67804))"
174,"(np.float32(1791.2614), np.float32(529.1648))","(np.float32(1696.6034), np.float32(80.69154))","(np.float32(1791.2341), np.float32(425.08334))"
175,"(np.float32(1791.7883), np.float32(529.1121))","(np.float32(1697.4878), np.float32(80.62074))","(np.float32(1793.3422), np.float32(426.48865))"
176,"(np.float32(1791.964), np.float32(529.01904))","(np.float32(1697.7826), np.float32(80.558846))","(np.float32(1795.2744), np.float32(427.7183))"
177,"(np.float32(1791.437), np.float32(528.9367))","(np.float32(1698.3723), np.float32(80.64355))","(np.float32(1797.3824), np.float32(429.1236))"
178,"(np.float32(1790.5587), np.float32(528.90137))","(np.float32(1698.9619), np.float32(80.73724))","(np.float32(1799.139), np.float32(430.17758))"
179,"(np.float32(1790.2074), np.float32(528.5661))","(np.float32(1700.1412), np.float32(80.68778))","(np.float32(1800.8956), np.float32(431.23157))"
180,"(np.float32(1790.2074), np.float32(528.3103))","(np.float32(1701.9102), np.float32(80.77492))","(np.float32(1802.6523), np.float32(432.1099))"
181,"(np.float32(1791.6127), np.float32(527.96436))","(np.float32(1702.7946), np.float32(80.95026))","(np.float32(1804.2333), np.float32(433.16388))"
182,"(np.float32(1793.0181), np.float32(526.7566))","(np.float32(1703.6791), np.float32(81.22867))","(np.float32(1805.6385), np.float32(434.04218))"
183,"(np.float32(1792.3153), np.float32(525.1753))","(np.float32(1705.1532), np.float32(81.22379))","(np.float32(1804.7603), np.float32(426.48865))"
184,"(np.float32(1791.6127), np.float32(525.32043))","(np.float32(1706.0377), np.float32(81.51539))","(np.float32(1803.882), np.float32(421.11295))"
185,"(np.float32(1791.2614), np.float32(526.09064))","(np.float32(1707.8066), np.float32(82.184746))","(np.float32(1803.0037), np.float32(428.84213))"
186,"(np.float32(1791.0857), np.float32(526.5019))","(np.float32(1708.691), np.float32(82.80002))","(np.float32(1801.0713), np.float32(437.62534))"
187,"(np.float32(1791.437), np.float32(526.582))","(np.float32(1709.8704), np.float32(83.06335))","(np.float32(1800.8956), np.float32(441.1386))"
188,"(np.float32(1792.3153), np.float32(526.5993))","(np.float32(1710.46), np.float32(83.23565))","(np.float32(1800.0836), np.float32(198.66797))"
189,"(np.float32(1793.0181), np.float32(526.881))","(np.float32(1711.0497), np.float32(83.39408))","(np.float32(1799.0295), np.float32(194.97903))"
190,"(np.float32(1793.3694), np.float32(527.057))","(np.float32(1711.3445), np.float32(83.58445))","(np.float32(1798.1512), np.float32(191.11444))"
191,"(np.float32(1793.8964), np.float32(527.3186))","(np.float32(1711.6393), np.float32(83.57987))","(np.float32(1797.0973), np.float32(187.4255))"
192,"(np.float32(1794.2477), np.float32(527.34485))","(np.float32(1711.3445), np.float32(83.73487))","(np.float32(1796.0433), np.float32(183.73656))"
193,"(np.float32(1794.4233), np.float32(527.34515))","(np.float32(1711.3445), np.float32(83.49272))","(np.float32(1795.1649), np.float32(180.04762))"
194,"(np.float32(1794.072), np.float32(527.4826))","(np.float32(1713.1134), np.float32(83.59656))","(np.float32(1794.111), np.float32(176.18303))"
195,"(np.float32(1793.545), np.float32(527.7044))","(np.float32(1715.1771), np.float32(84.32065))","(np.float32(1793.2327), np.float32(177.31448))"
196,"(np.float32(1793.0181), np.float32(527.8646))","(np.float32(1716.6512), np.float32(84.67983))","(np.float32(1792.53), np.float32(178.36845))"
197,"(np.float32(1792.3153), np.float32(527.94635))","(np.float32(1721.0736), np.float32(84.96864))","(np.float32(1791.8274), np.float32(179.42244))"
198,"(np.float32(1791.437), np.float32(527.9356))","(np.float32(1724.9064), np.float32(85.205086))","(np.float32(1822.4127), np.float32(184.25621))"
199,"(np.float32(1790.7344), np.float32(527.89777))","(np.float32(1726.3804), np.float32(85.24118))","(np.float32(1821.2334), np.float32(186.02515))"
200,"(np.float32(1789.8561), np.float32(527.8793))","(np.float32(1727.5597), np.float32(84.98747))","(np.float32(1820.4288), np.float32(79.72494))"
201,"(np.float32(1789.3291), np.float32(528.0227))","(np.float32(1729.3286), np.float32(84.64408))","(np.float32(1819.5444), np.float32(76.77671))"
202,"(np.float32(1788.9778), np.float32(528.3612))","(np.float32(1731.982), np.float32(84.478325))","(np.float32(1818.9547), np.float32(74.12331))"
203,"(np.float32(1788.2751), np.float32(530.4265))","(np.float32(1736.994), np.float32(84.17668))","(np.float32(1818.0703), np.float32(71.4699))"
204,"(np.float32(1787.2211), np.float32(532.7403))","(np.float32(1741.1298), np.float32(84.265))","(np.float32(1818.7637), np.float32(71.19404))"
205,"(np.float32(1786.5184), np.float32(533.6878))","(np.float32(1746.7933), np.float32(84.790115))","(np.float32(1823.5146), np.float32(73.99389))"
206,"(np.float32(1785.8158), np.float32(534.00854))","(np.float32(1753.0237), np.float32(85.37727))","(np.float32(1828.3748), np.float32(76.96974))"
207,"(np.float32(1784.9375), np.float32(534.3509))","(np.float32(1757.2188), np.float32(86.6869))","(np.float32(1828.5709), np.float32(79.87919))"
208,"(np.float32(1784.5862), np.float32(534.58496))","(np.float32(1759.767), np.float32(87.358795))","(np.float32(1828.2523), np.float32(83.38309))"
209,"(np.float32(1783.8835), np.float32(534.73083))","(np.float32(1763.908), np.float32(87.737015))","(np.float32(1827.9338), np.float32(87.52407))"
210,"(np.float32(1783.3564), np.float32(535.10315))","(np.float32(1767.0933), np.float32(87.44237))","(np.float32(1827.2968), np.float32(93.25773))"
211,"(np.float32(1782.8296), np.float32(535.3733))","(np.float32(1769.3231), np.float32(87.693375))","(np.float32(1827.2968), np.float32(94.85041))"
212,"(np.float32(1781.4242), np.float32(536.3866))","(np.float32(1772.827), np.float32(87.70089))","(np.float32(1826.3412), np.float32(98.67285))"
213,"(np.float32(1779.8433), np.float32(538.3624))","(np.float32(1777.2865), np.float32(87.663216))","(np.float32(1826.3412), np.float32(101.53968))"
